アグリー・ベティ シーズン1,ugly betty アグリーベティー,ugly_betty_1.gif,あこがれの出版業界,普通が一番,クイーンズの絆,『モード』のルール,疑惑のオルゴール,父の告白,親子のきずな,夢への第一歩,悲喜こもごもの感謝祭,思わぬチャンス,運命を感じる瞬間,ソフィアの素顔,暴かれた正体,カミングアウト,ミード家の闇,裏切り,母の決断,家族というもの,フェイの日記,表紙モデルの陰謀,秘書の日,グアダラハラの木,イースト・サイド物語
アグリー・ベティ シーズン2,ugly betty アグリーベティー,ugly_betty_2.gif,悲しみを越えて,亡き人の思い出,ブラック＆ホワイト,女は強し,揺らぐ心,大切な人との時間,愛を貫いて,母の思い 父の願い,新生『モード』,サバイバル・ゲーム,ベティの革命,クレアの香水,パパに捧げる歌,24回目のバースデー,燃えるような恋,ふたつの命,ベティの生き方,明日へのジャンプ
アグリー・ベティ シーズン3,ugly betty アグリーベティー,ugly_betty_3.gif,帰ってきたベティ,女帝のティアラ,あなたを信じたい,ベティ・スアレス・ランド,高校時代の悪夢,アグリー・ベリー,臨時休業日,トルネード・ガール,YETI（イエティ）との出会い,人生楽しく,奪われたドレス,それぞれの秘密,マンハッタンの夢,母の寂しさ 父の幸せ,YETI（イエティ）のパートナー,人生の分かれ道,マネー・トラブル,恋の障害
アリー my Love シーズン1,アリーマイラブ ally my love,ally_my_love_1.gif,めぐりあい,愛は妥協から,恋愛方程式,ラブ・アフェア,涙の数だけ,婚約,魔性の女,友達以上恋人未満,ダーティ・ジョーク,無慈悲な天使,銀の鐘,ダンシング・ベイビー,ペンギン作戦,ボディ・ランゲージ,生涯に1度の愛,禁断の果実,人生のテーマソング,大人のルール,誕生日の憂うつ,刑事弁護士,しあわせ予備軍,また独りぼっち,思い出にかわるまで
アリー my Love シーズン2,アリーマイラブ ally my love,ally_my_love_2.gif,切ない現実,彼女のやり方,別れの真相,男と女の処世術,友達の恋人,忘れられない人,突然の旅立ち,罪作りな視線,決めつけないで,汚れなき魂,夢で会えたら,愛の賞味期限,天使と飛行船,あの日に帰りたい,忍びあい,キスの代償,愛をめぐる内戦,虚無と執着,女の敵は女？,傷付きたくない症候群,ジェラシーは緑色,愛は幻,会える日を信じて
アリー my Love シーズン3,アリーマイラブ ally my love,ally_my_love_3.gif,大胆な目覚め,未知の世界へ,心が風邪をひいたら,情熱を燃やして,行き違う心,別人願望,過去からの使者,聖夜の子守歌,悲しき街,心の友にときめいて,夢見るころを過ぎても,面影のダンス,曇りのない目で,君の個性に乾杯,第一容疑者,真心のすべてを,悲しみを乗り越えて,さよなら20代,出会いの予感,甘い誘惑,恋に歌えば
アリー my Love シーズン4,アリーマイラブ ally my love,ally_my_love_4.gif,情熱至上主義,脱・恋愛下手宣言,天国と地獄,恋は舞い降りた,人生のレッスン,クリスマスの秘密,恋愛回避症,最後に愛は勝つ,心へのアクセス,激しい胸騒ぎ,第一印象という神話,涙の決断,遠距離恋愛,永遠の少年たち,愛の苦い果実,傷心旅行,しあわせ拒否症,恋愛のハードル,バリーにおまかせ,誕生日の贈り物,女王バチの誘惑,運命のいたずら,新たな出発
アリー my Love シーズン5,アリーマイラブ ally my love,ally_my_love_5.gif,もう一人の自分,スター誕生,思いがけない告白,四角い恋愛模様,年下の男の子,青春の落とし物,悲劇からの再起,最後のチャンス,風に吹かれて,100粒の涙,衝撃の事実,新しすぎる毎日,苦渋の選択,過ぎし日の恋,とらわれの魂,自立した女,恋人たちのバトル,私を生きる,いつか来た道,敗者の美学,封じ込められた心,さよならは言わないで
OZ/オズ シーズン1,おず オズ OZ,oz_1.gif,楽園,面会,神様,昇天,麻薬,自愛,計画,革命
OZ/オズ シーズン2,おず オズ OZ,oz_2.gif,真相,再生,偉人,恋心,家族,同士,獣達,脱出
OZ/オズ シーズン3,おず オズ OZ,oz_3.gif,真実,表裏,尊敬,災厄,手紙,刑罰,自己,聖夜
OZ/オズ シーズン4,おず オズ OZ,oz_4.gif,乱射,訃報,権利,慈悲,悪魔,悔恨,取引,博打,媒体,改心,復讐,武装,暴風,不運,勝敗,言葉
ゴースト〜天国からのささやき シーズン1,ゴースト 天国 からの ささやき,ghost_whisperer_1.gif,つむがれゆく命,交錯する思い,双子,ふれあう心,遠き日の友情,真実を求めて,明日への手紙,許し,執念の叫び,永遠の愛,母の願い,悲しみを笑いに,姿のない同居人,にぎりしめた貝殻,再会,想いをつなぐキーホルダー,怒れる少年,フォーチュンテラー,受け継がれた怒り,消えた霊,凍りつく時間,天国への案内人
ゴースト〜天国からのささやき シーズン2,ゴースト 天国 からの ささやき,ghost_whisperer_2.gif,危険な心の隙間,断ち切れない想い,沈んだ魂,沈黙の愛,自由の代償,夢の女性,負の連鎖,出会った夜,第9番の呪い,栄光の亡霊,キャッツクロー,愛する者の死,前世の記憶,スピードの魔力,思春期の悪意,消えた強奪金,盗まれた死体,消えた母親,告白,コレクター,第5のしるし,選ばれし者
ゴースト〜天国からのささやき シーズン3,ゴースト 天国 からの ささやき,ghost_whisperer_3.gif,母の秘密,血まみれメアリー,取りつかれた英雄,恐怖のストーカー,地下に眠る秘密,写真からのメッセージ,悲しき霊能者,究極の選択,霊を見る少女,サンタクロースの償い,顔のない悪意,委ねられた命,姿なき母,ジャスティンの秘密,恐怖の裏にある真実,父親の務め,父との再会,明かされた秘密
新スター・トレック シーズン1,star trek next generation,star_trek_the_next_generation_1.gif,未知への飛翔,未知からの誘惑,愛なき惑星,謎の宇宙生命体,宇宙の果てから来た男,姿なき宇宙人,神からの警告,復讐のフェレンギ星人,死のゲーム,夢の人,宇宙空間の名探偵,アンドロイドの裏切り,奪われた女神達の惑星,盗まれたエンタープライズ,大いなる償い,死に急ぐ惑星アルデア,神に似た人々,宇宙戦士への道,さまよえるクリンゴン戦士,生き返った死の宇宙商人,禁断の秘薬,悲しみの星に消えたターシャ,時のはざまに,恐るべき陰謀,突然の訪問者
新スター・トレック シーズン2,star trek next generation,star_trek_the_next_generation_2.gif,光から生まれた生命,闇の住人,ホログラム・デッキの反逆者,無法者オコーナ,コンピュータになった男,無言の調停者,DNA,錯綜した美学,人間の条件,運命の少女サリア,埋もれた文明,ホテル・ロイヤルの謎,戦慄の未来,イカルス伝説,未知なるメッセージ,無限の大宇宙,愚かなる欲望,新たなる息吹,魅せられて,愛の使者,限りなき戦い,悪夢の果てに
新スター・トレック シーズン3,star trek next generation,star_trek_the_next_generation_3.gif,移民の歌,進化の刻印,愛しき人の為に,守護神伝説,悲しみの幻影,メンサー星人の罠,宿敵！ロミュラン帝国,非情なる駆け引き,復讐の虜,亡命者,恐怖の人間兵器,異次元テロリスト,DEJA Q,疑惑のビーム,亡霊戦艦エンタープライズ C,アンドロイドのめざめ,クリンゴン戦士として,姿なき誘拐犯,大いなるホリディ,孤独な放浪者,倒錯のホログラム・デッキ,究極のコレクション,英雄症候群,愛なき関係,輝きの中へ…,浮遊機械都市ボーグ（前編）
新スター・トレック シーズン4,star trek next generation,star_trek_the_next_generation_4.gif,浮遊機械都市ボーグ（後編）,戦士の休息,宇宙の孤児ジョノ,永遠の絆,恐怖のワープ・バブル,革命戦士イシャーラ・ヤー,勇者の名の下に,悪夢のホログラム,ファイナル・ミッション〜新たなる旅立ち〜,失われたテレパシー,ヒューマン・アンドロイド・データ,不実なる平和,空白の１日,悪魔の契約,ファースト・コンタクト,ギャラクシー・チャイルド,謎めいた狂気,アイデンティティー・クライシス,謎の頭脳改革,QPID,疑惑,決別の儀式
ダーク・エンジェル シーズン1,dark angel,dark_angel_1.gif,マックス,ハンナ,トリプトファン,クリーム,ザック,ジュード,ブリン,WANTED,アウト,レッド,アート,インプラント,ティンガ,ジェイス,ヘブン,AN918,ベン,ホバドロン,Jr.,ジェネティック,ジェネティックII
ダーク・エンジェル シーズン2,dark angel,dark_angel_2.gif,ファーザー・サンドマン,ジャンク,インディアン・レジェンド,フェイク・ラブ,ハロウィーン,ツイン,ピースフル・マインド,マーメイド,ファミリア,ブレイン,ピアノ・レッスン,12 hours,ホスピタル,バンパイア,ロスト,スクール,ハロー、グッバイ,ハロー、グッバイII,453,コード,ターミナル・シティ
デスパレートな妻たち シーズン1,desperate housewives,desperate_housewives_1.gif,一通の手紙,それぞれの秘め事,ガラスの理想,女は多面体,招かれざる客,火花散らして,負けられない人々,罪の段階,疑心,もう誰も信じない,本当の気持,告白の行方,大人の分別,バレンタインの悪夢,偽りの自分,スキャンダル,届かない言葉,迷える親ヒツジ,孤独な旅人,未練の残り火,追い詰められて,別れ道,終わりの始まり
デスパレートな妻たち シーズン2,desperate housewives,desperate_housewives_2.gif,新たな謎,不愉快な身内,仮面生活,父親の本分,悲しいすれ違い,妻として女として,はかなき夢,赤い風船,天使と悪魔,家庭の事情,キスにご用心,ねじれた関係,終わりなき戦い,美しき友情,善意と下心,予期せぬ出来事,別れは突然に,危ない綱渡り,恥と外聞,引き裂かれた運命,母の決断,気がつけば独り,過ぎ去りし日々,人生のいたずら
デスパレートな妻たち シーズン3,desperate housewives,desperate_housewives_3.gif,どしゃ降りの心模様,恋は二度目から,週末旅行,巻き戻せない時間,破壊の女神たち,甘いワナ,無慈悲な銃弾,知られざる正体,危険な男,クリスマスの奇跡,裏切りの連鎖,守ってあげたい,決意の時,よみがえった記憶,生と死の境目,悩み多き夫たち,素顔のままで,ジェラシーの功罪,停電の夜に,ゴシップの真相,迷い道,花嫁の憂うつ,二人の花嫁
デスパレートな妻たち シーズン4,desperate housewives,desperate_housewives_4.gif,再会,作り笑いの達人,暴露ゲーム,好かれたい症候群,近隣トラブル,ハロウィーンの魔物,不実の影,過去の亡霊,竜巻襲来,再起する街,重い問いかけ,自虐の迷路,Hello, Little Girl,Opening Doors,Mother Said,The Gun Song(Part1 of 2),Free(Part2 of 2)
24 -TWENTY FOUR- シーズン1,トゥウェンティーフォー,24_1.gif,MIDNIGHT,1:00,2:00,3:00,4:00,5:00,6:00,7:00,8:00,9:00,10:00,11:00,12:00,13:00,14:00,15:00,16:00,17:00,18:00,19:00,20:00,21:00,22:00,23:00
24 -TWENTY FOUR- シーズン2,トゥウェンティーフォー,24_2.gif,8:00,9:00,10:00,11:00,12:00,13:00,14:00,15:00,16:00,17:00,18:00,19:00,20:00,21:00,22:00,23:00,24:00,1:00,2:00,3:00,4:00,5:00,6:00,7:00
24 -TWENTY FOUR- シーズン3,トゥウェンティーフォー,24_3.gif,7:00,8:00,9:00,10:00,11:00,12:00,13:00,14:00,15:00,16:00,17:00,18:00,19:00,20:00,21:00,22:00,23:00,24:00,1:00,2:00,3:00,4:00,5:00,6:00
24 -TWENTY FOUR- シーズン4,トゥウェンティーフォー,24_4.gif,7:00,8:00,9:00,10:00,11:00,12:00,13:00,14:00,15:00,16:00,17:00,18:00,19:00,20:00,21:00,22:00,23:00,24:00,1:00,2:00,3:00,4:00,5:00,6:00
24 -TWENTY FOUR- シーズン5,トゥウェンティーフォー,24_5.gif,7:00,8:00,9:00,10:00,11:00,12:00,13:00,14:00,15:00,16:00,17:00,18:00,19:00,20:00,21:00,22:00,23:00,24:00,1:00,2:00,3:00,4:00,5:00,6:00
24 -TWENTY FOUR- シーズン6,トゥウェンティーフォー,24_6.gif,6:00,7:00,8:00,9:00,10:00,11:00,12:00,13:00,14:00,15:00,16:00,17:00,18:00,19:00,20:00,21:00,22:00,23:00,24:00,1:00,2:00,3:00,4:00,5:00
24 -TWENTY FOUR- シーズン7,トゥウェンティーフォー,24_7.gif,8:00,9:00,10:00,11:00,12:00,13:00,14:00,15:00,16:00,17:00,18:00,19:00,20:00,21:00,22:00,23:00,24:00,1:00,2:00,3:00,4:00,5:00,6:00,7:00
Dr.HOUSE シーズン1,ドクターハウス ドクター・ハウス,dr_house_1.gif,診察嫌い,血縁関係,多すぎた病名,院内感染,疑惑,ソクラテスの問答,罪と罰,医療不信,生きる希望,身元不明の女,依存症,ドーピング,父と息子,医師免許を賭けた嘘,表と裏,肥満の原因,大統領候補のエイズ疑惑,自己犠牲,隠れていた真実,マゾヒズム,3つの寓話,医師の使命
Dr.HOUSE シーズン2,ドクターハウス ドクター・ハウス,dr_house_2.gif,命の重み,勇敢な少女,失われた右手,人道的治療,嘘つき親子,不正行為,ストーカー,診断ミス,オオカミ少年,届かない言葉,献身,検査法,心と体,浮気の代償,幸せな2人,侵入者,ポーカーフェイス,睡眠不足,ハウスvs神,恐れる医師　前編,恐れる医師　後編,罪悪感,父親探し,幻覚
Dr.HOUSE シーズン3,ドクターハウス ドクター・ハウス,dr_house_3.gif,生まれ変わったハウス,宇宙人の襲来,インフォームド・コンセント,カーペット闘争,最愛の人,ケ・セラ・セラ,目覚めた患者,良心の痛み,裏切り者,取引,リハビリ,同室のよしみ,彼と家族の事情,鈍感な体,人生に幸あれ,デジャヴ,胎児の秘密,機内感染,早熟,救えない命,ドナー,抗うつ剤,悪ガキ,旅立ちの時
Dr.HOUSE シーズン4,ドクターハウス ドクター・ハウス,dr_house_4.gif,一人ぼっちのハウス,40人のサバイバル・バトル,突き刺したナイフ,病室の死者たち,鏡よ鏡,極秘ミッション,美女と野獣,下着争奪戦,ゲームオーバー,クリスマスの奇跡,氷壁の果て,変わりゆく人生,優しさの伝染,スター誘拐事件,ハウスの脳,ウィルソンの心臓
NCIS〜ネイビー犯罪捜査班 シーズン1,navy,navy_ncis_1.gif,大統領の警護,パラシュートの罠,船乗りの真実,不死身の戦士,ミイラの呪い,公海の英雄,潜入者,死のエメラルド,死者からの電話,埋められた女,スパイ衛星,歩かない脚,一発必中,完全なアリバイ,不可解なものたち,それぞれの悪夢,真実はそこに,特殊部隊員の脱獄,ダイイング・メッセージ,消えた海兵隊員,潜入捜査,転落の真相,目覚め
NCIS〜ネイビー犯罪捜査班 シーズン2,navy,navy_ncis_2.gif,闇に潜む誘拐犯,歪んだ愛の行方,消えたパイロット,名前のない大尉,裏切りの代償,除隊直前の恐怖,硫黄島の記憶,秘められた真実,偽りの情事,逃亡者トニー,湖に沈んだ男,生き写しの捜査班,過去からの復讐者,目撃者,テープに残った真実,ポップスター,目には目を,スプリング・ブレイク,モンスターの陰謀,秘密クラブ,英雄の真実,死の口づけ,帰ってきた宿敵
NCIS〜ネイビー犯罪捜査班 シーズン3,navy,navy_ncis_3.gif,アリを殺せ (前編),アリを殺せ (後編),心理ゲーム,棺の中の真実,身代わりの水兵,殺人ビデオ,父の名誉,潜入捜査,犯罪者トニー,プロビーの試練,スーパーモデル,絶体絶命,海軍少佐誘拐の謎,コリアタウンの秘密,海軍猟奇事件,家族の秘密,アウトドアの恐怖,おとり,氷漬けの死体,見えざる壁,殺意の罠,エレベーターの中の真実,遠い記憶 (前編),遠い記憶 (後編)
NCIS〜ネイビー犯罪捜査班 シーズン4,navy,navy_ncis_4.gif,ジヴァを救え,無実の訴え,お見合いパーティーの行く末,消えた銃弾,婚約者たち,魅惑のハロウィーン,新たな恋の予感,落ちてきた海兵,血まみれの妹,人喰い殺人鬼,殺人ロボットカー,田舎町での疑惑,地下からのSOS,局長の宿敵,血文字のメッセージ,被曝の真相,棺に隠された秘密,よみがえった男,生死の境目,消された登場人物,地の果てまで,写真の中の真実,トロイの木馬,衝撃の真実
HEROES シーズン1,ヒーローズ,heroes_1.gif,創世記,振り返るな!,大いなる跳躍,遭遇,ヒロ,分身,偽り,0時7分前,チアリーダーを救え,6ヶ月前,交錯する能力,神の贈り物,新たなる力,邪魔をするもの,暗殺者,犠牲,本当の家族,パラサイト,0.07%,5年後,ニューヨークへ,運命の日,世界を救え
HEROES シーズン2,ヒーローズ,heroes_2.gif,4ヵ月後,呪われた力,仲間,クレアの恋,悪夢との闘い,境界線,ウイルス,4ヵ月前,父の教え,陰謀,パンドラの箱
HEROES シーズン3,ヒーローズ,heroes_3.gif,再臨,バタフライ・エフェクト,パートナー,破壊者,天使と悪魔,死にゆく光,後継者,悪人,前兆,日食・前編,日食・後編,父の影,裏切り,今そこにある危機,決別,謎のメッセージ,冷戦,暴露,グレイ,救出,聖域,異変,1961年,サイラー,見えざる糸
プリズンブレイク シーズン1,prison break,prison_break_1.gif,マイケル,アレン,セルテスト,腐食,イングリッシュ、フィッツ、パーシー,悪魔の孔（あな）Part1,悪魔の孔（あな）Part2,ルート66,トゥイーナー,策士,7人の壁,邪魔者は殺せ,決行！,密告者,計画変更,フォックスリバーへの道,J-CAT,ブラフ,鍵,トゥナイト,壁の向こうへ…,脱出!
プリズンブレイク シーズン2,prison break,prison_break_2.gif,逃亡者たち,オーチス,スキャン,罠の代償,ダブルK農場,再会,埋蔵金,デッド・フォール,シークレット・ガーデン,めぐり逢い,ボリショイ・ブーズ,家族の肖像,反撃開始!,想定外,メッセージ,シカゴへ……,血の輪廻,帳消し,女王蜂,パナマ,逆転,SONA
プリズンブレイク シーズン3,prison break,prison_break_3.gif,ようこそジャングルへ,第三の男,望みなき者,フェンス,作戦開始,3時13分,オオカミ少年,強行突破,籠のトリ,裏切り者に死を,7人の夜,天国と地獄,駆引きの行方
プリズンブレイク シーズン4,prison break,prison_break_4.gif,スキュラ,オデュッセイア,シャットダウン,ワシと天使,金庫破り,チームプレー,ハードウェイ,代償,大いなる成就,レジェンド,賽は投げられた,セルフレス,裏切りの応酬,取引の極意,記憶の中で,マイアミ,母,VS,S.O.B.,攻防戦,究極の選択,決着！,ファイナル・ブレイク（前）（後）
BONES シーズン1,ボーンズ,bones_1.gif,墓地の眠れぬ魂,自爆テロリストの真実,木に吊るされた少年,クマの中に残された証拠,小さな死体,壁の中の逃走,32時間の命,冷蔵庫に捨てられた少女,過去からのプレゼント,自分を消し去った女,守りたいもの,ヒーローの死,家族の庭,7人目の死体,パートナーの危機,地下の住民たち,砂漠の恋人,黒ひげの呪い,消えた記憶,移植された悲劇,英雄の秘密,マルコとポーロの再会
BONES シーズン2,ボーンズ,bones_2.gif,遺された思い出,断ち切られた絆,ジュリエットの悲劇,殺人ゲーム,嘘に溶けた真実,スイートルームの女,幼きクイーンの悲劇,砂漠に捨てられた女,届かぬ地中の叫び,眠れぬ森の魔女,過去からの告発,最後の勝者,沼に沈んだ青春,友情とルールのジレンマ,赤いテープ,骨のない死体,神の庭の犯罪者,君を諦めない,切り裂かれた栄光,光る骨,愛ゆえの選択
BONES シーズン3,ボーンズ,bones_3.gif,金庫室の晩餐,青空に散った正義と真実,サラブレッドの最期,土の中の秘密,ハロウィーンの悪夢,燃え尽きた優等生,タイムカプセルの少年,狙われた騎士,クリスマスの奇跡,泥に沈んだ栄光,観覧席に埋もれた青春,悲しき子守歌,真実が裁かれるとき,アメリカン・アイドル殺人事件,下顎骨に刻まれた秘密
BONES シーズン4,ボーンズ,bones_4.gif,イギリス事件簿,イギリス事件簿,浮気の代償,無垢なる者の牙,完全なる世界の崩壊,血染めのエレベーター,聖人の秘密,デス・アート,過去からの訪問者,殺人フライト,良い親の条件,潜入！サーカス団,殺意のリンク,英雄の過去,洞窟のプリンセス,溶ける骨,母親クラブ,愛する者との再会,天才物理学者の誤算,理想の結婚,十字架の骸骨,ライリー家の秘密,仮面をかぶった女,マスコット殺人事件,赤ワインは血の香り,“ザ・ラボ”殺人事件
CSI:科学捜査班 シーズン1,CSI:1,csi_1.gif,非情の街 ラスベガス,呪いのジャックポット,誘拐の罠,不倫の果て DNAの証言,血しぶきの謎,犯罪の真実,惨劇の家,グリッソムへの挑戦者,高度3万フィートの密室殺人,死者の悲鳴,刻まれた5つの殺人予告,逆転無罪 逆転有罪,大爆破 絶体絶命,享楽の一夜,歪んだ愛,氏名不詳の女 ジェーン・ドー,心の闇 多重人格,殺人依頼 第三の犯人,殺意なき殺人,引き裂かれた静寂の闇,悪魔に魅入られた女,血塗られた足跡,CSI解散の危機!
CSI:科学捜査班 シーズン2,CSI:2,csi_2.gif,,指紋の謎,偶然の失踪,疑惑の転落死,犯罪と香り 鼻孔の記憶,破壊捜査 壁の向こう側,冤罪 兄弟へのレクイエム,愛しすぎた男,倒錯の館,裏切りの逃亡者,いとしきエリー 我が娘,女が男を殺す理由,閉ざされた人々,第4の殺人 衝撃の結末,ちぎれた指,残酷な悪戯,儚い人生,六番目のチャクラ,暴走バス 24人の運命,覗き穴の殺人者,猫屋敷の老婆,最も残忍な殺害方法,ベガス-マイアミ合同捜査,哀しい宿命
CSI:科学捜査班 シーズン3,CSI:3,csi_3.gif,ギャンブラーの切り札,科学捜査班の失敗,脳の暴走,遺伝子への憎しみ,父と子と精霊と,死刑執行停止,ラスベガスの掟,復讐する血痕,流血のストリート,翼の折れたイカロス,殺しのレシピ,捨てられた目,グリッソムとの対立,狙われた部屋,永遠の別れ,一攫千金の亡者達,憎しみのパズル,機械じかけの殺意,見知らぬ観客,残酷な笑い,黒衣のジュリエット,傷だらけのCSI,封印された過去
CSI:科学捜査班 シーズン4,CSI:4,csi_4.gif,終末の淵まで,狂気の仕置き人,喪失 傷だらけの屍,灼かれて眠れ,心優しき獣たち,埋められた秘密,猶予24時間,殺さずにいられない,愛の毒薬,歪んだ果実,地獄の12人,蝶の亡霊,牙を持つ人々,標的の死角,盛者必衰,向こうの世界を見た女,ベビーガールのドクロ,骨の音,言霊,警官たちの饗宴,残酷なスリル,潰れた手,キメラの遺伝子
CSI:科学捜査班 シーズン5,CSI:5,csi_5.gif,ラスベガス狂気の夜,凶暴な躾け,天使の生き血,鏡よ鏡,掟破り,青の衝撃,狼少女,第三の性,CSIチーム解散,子供たちの戦場,ホームズ最後の夜,裏切り者に蛇の祈りを,人形の牢獄,もの言わぬ反撃者,王様の秘密,潰された誇り,制御不能,生かされて,冷たい街,汚れたエリー,禁断の味,主任失格,死体たちの運命,CSI“12時間”の死闘 [前編],CSI“12時間”の死闘 [後編]
CSI:科学捜査班 シーズン6,CSI:6,csi_6.gif,CSIチーム再開,夢の途中,天国への階段,奇跡の星,生きる定め,神の子,銃弾のカオス[前編],銃弾のカオス[後編],サバイバルライフ,王女メディアの息子,誰も知らない存在,哀しいライバル,ラストショー,しくじった男,怒りの鞭,壁の鼓動,ウォッチャー,IQ177,迷宮の扉,クレイジーストリート,悪魔のブライズメイド,ラスベガスドリーム,ブラス警部の運命,サヨナラはまだ・・・
CSI:科学捜査班 シーズン7,CSI:7,csi_7.gif,奈落の底へ[前編],奈落の底へ[後編],霊安室の声,害虫の群れ,磔の女神,虚ろな心,宣戦布告,シンクロニシティ,レジェンド・オブ・ベガス,殺人模型アーニー・デル,グリッソムの旅立ち,甘い死体,罠,傘の骨,最後の仕事,予告された殺人模型,青春のあやまち,ダイイングメッセージ,リムジンの惨劇,模型の鍵,ゾンビボクサー,侵略者レプティリアン,館の終焉,殺人模型の正体
CSI:科学捜査班 シーズン8,CSI:8,csi_8.gif,殺人模型崩壊,暗闇の快感,蜜蜂の死,怖い水,本当になったホラー映画,絆に飢えた狼（前半回）,ラスベガスに別れのキスを,ラボゲーム,アル・カポネの椅子,破滅の影,真夜中のカウボーイ,第七の地獄,ベビー・コーデリアの棺,二階の出来事,パラレルワールドの絆,CSI：ハリウッド,さらば友よ Part1
CSI:マイアミ シーズン1,miami,csi_miami_1.gif,マイアミ上空 17秒間の惨劇,戦慄の首輪爆弾,漂流 新月の闇,汚れた血 欲望の海,心の十字架,魔の手,ブレスレス 危険な戯れ,一家惨殺の怪,狙撃者 静なる殺し,カリスマ教授の異常な生活,吸血の森,目覚めた男,死の料理人,目には目を,最期の一週間,復元 不可解な音,似て非なる殺人,ネディアー・キーレの正体,プールサイドの処刑,ヒトラーの子,毒牙の餌食,クラブ・ディセント大火災,覆面捜査官の真実,死刑台への脱走
CSI:マイアミ シーズン2,miami,csi_miami_2.gif,南米の極悪人,海上の死角,罪と罰,餌食,空白の1時間,嵐に咲くバラ,死のピットイン,憎しみの絆,破滅への誘い,殺しのキス,造られた女,全てを見ていた男,満月の惨劇,骨に刻まれた凶器,偶然のゴースト,戻せない時間,消えた320万ドル,盗まれた証拠品,握りしめた暗号,沈黙の青い壁,不倫の方程式,弾丸の狙い,マイアミ－NY合同捜査,CSIの汚名
CSI:マイアミ シーズン3,miami,csi_miami_3.gif,永遠の旅立ち,極悪弁護人,愛の奴隷,汚染の輪,天使の犠牲,ヘルナイト,津波大パニック 無法地帯,孤独な女,危険な集団,悪夢の始まり,一族の汚点,ER襲撃,分かれ道,妻たちの危険な情事,猛獣の正体,エバグレーズ炎上,終わりへの伏線,配達された殺意,モンスターの復讐,エピローグの幕開け,汚れなき秘密,闘いの火蓋,殺人鬼養成講座,去りゆく者たち
CSI:マイアミ シーズン4,miami,csi_miami_4.gif,新たなる闘い,海に散った家族,無防備な18才,獄中48時間の真実,ペントハウススィートの情事,容疑者ホレイショ・ケイン,NYからの使者,別れても憎い人,名前のない奴ら,運命の女（ひと）,消せない感触,ターゲットはお前だ,コードネームの正体,影からの逃亡者,壊れた男,ロリータポルノ爆弾,独りぼっちの過去,実験殺人,セレブの覗き穴,地獄で愛して,偶然のSOS,クルーズ船の底から,二人の旅立ち,止まった時間 [前編],止まった時間 [後編]
CSI:マイアミ シーズン5,miami,csi_miami_5.gif,リオの決闘,抹殺された男,デスプール100,美しい男たち,悪徳対決,危機一髪,残酷な性,監禁の餌食,自爆,非情の戦場,落日のテロリスト,愛憎の残骸,熱い砂,心停止11分,サラバ猛獣よ,クラウリー家の崩壊,マイウェイ,仮面の下,黒い手帳,セレブのヒミツ,修羅場,燃え尽きて,彷徨える狼,Yのメッセージ
CSI:マイアミ シーズン6,miami,csi_miami_6.gif,我が息子,サイバーストーカー,大脱走,炎の幻影,氷の殺意,怪奇日食,父子の闘い,地獄のバカンス,銃口のプライド,親の品格,肉体消失,非情の合言葉,母の誘惑,花婿の秘密,リオの悪夢,傷だらけの帰還,ティファニーのお仕置き,腐ったオレンジ,モルグに別れを,シークレットディスク,裏切りのメッセージ
CSI:マイアミ シーズン7,miami,csi_miami_7.gif,消えた屍,断末魔のマイアミビーチ,刃,タトゥーの掟,危険なドレス,白ユリの墓,101号室の音,ソフィの値段,刑事の魂,ターゲットの宿命,負け犬の家,悪夢の断片,不敵な微笑み,君のいない人生,テールランプの瞳,暗殺指令,悲惨な家族計画,上空3万フィートのロンパールーム,獄中からの呪い,狼の叫び,恐怖の整形手術,花嫁は誰だ,爆風、そしてダメージ,別れのバラード,赤い対決
CSI:NY シーズン1,ニューヨーク,csi_ny_1.gif,まばたき,夜の獣たち,アメリカン・ドリーマーズ,グランド・マスター,1マイルに1人,外れた者,雨のチャイナタウン,三世代で終わりに…,想い出のブルー,母の闇,3つの偶然,リサイクル,タングルウッド・ボーイ,血と汗と涙,死が二人を分かつまで,口止め,転落,狙われた委員会,罪の重さ,需要と供給,疑惑の任務,クローザー,この目に映るもの
CSI:NY シーズン2,ニューヨーク,csi_ny_2.gif,灼熱の街,過ちのグランド・セントラル,ズーヨーク,企業戦士,ダンス&フィッシュ,青い血,再びの地、NY,悪い賭け,シークレット・ドール,マンハッタン・キングダム,悲しき罠,幻惑,ハイリスクゲーム,釘づけ,ゲームの代償,獲物,屍の虫,命の選択,スーパーヒーロー,沈黙の過去,豹変,奪われた家族,勇気ある者,守るべきもの
CSI:NY シーズン3,ニューヨーク,csi_ny_3.gif,富に溺れて,偽りのミイラ,愛が冷める時,見せしめ,オイディプスの悲劇,甦る悪夢,殺しのブルース,波紋,死の天使に乾杯,スウィート16,レイジング・シェーン,静なる夜,執着,ライアー・ゲーム,五番街のゴースト,ガラスの心,ノアの方舟,死への誘い,ワインと異常な愛情,ねじれた野望,波紋の傷跡,暴かれたコールドケース,切り札,奪還
CSI:NY シーズン4,ニューヨーク,csi_ny_4.gif,届かぬ叫び,深海の罠,消されたスパイ,タイムアップ,不思議の国のヴィーナス,呪われたハロウィン,制裁,誤算の果て,弔いのウェディング,ヒーローの真実,危険な遊び,ネバーランドの悲劇,絆,炎のレーサー,容疑者X,壁の向こう側,終わりなき殺意,告白,毒の味,タクシー・キラー,人質
チャック シーズン１,CHUCK,chuck_1.gif,チャック VS 運命,チャック VS ヘリコプター,チャック VS タンゴ,チャック VS 秘密の石,チャック VS エビの鉄板焼き,チャック VS サンドワーム,チャック VS スタンフォード大,チャック ＶＳ 真実,チャック ＶＳ サラミ,チャック ＶＳ 天敵,チャック ＶＳ セダン,チャック VS カサブランカ,チャック VS カジキ
ダメージ シーズン１,DAMAGES Damages,damages_1.gif,謎の始まり,隠し事,狙われたパティ,証人の資格,最高のナンバー・ツー,忍び寄る恐怖,マインド･ゲーム,約束と裏切りと,メッセージ,家族のように,弁護士のプライド,遺（のこ）されたもの,新たなる謎の始まり
ダメージ シーズン２,DAMAGES Damages,damages_2.gif,破滅させたい女,計画変更,ふたりのウソ,ウェストバージニア,疑惑の合併,やり残した仕事,追い詰められて,ジャッカルとウサギ,宣戦布告,電話の相手,パワー・ゲーム,掘り返された悪夢,対決
魔術師マーリン シーズン１,MERLIN Merlin,merlin_1.gif,運命の出会い,勇気ある者,ニムエの徴,モーティエスの毒杯,勇者ランスロット,二人の宮廷医師,魅惑の瞳,ドラゴンの警鐘,魔法の剣（つるぎ）,マーリンの帰還,ユニコーンの呪（のろ）い,憎しみと哀（かな）しみの間（はざま）に,偉大なる魔術師
ロビン・フッド シーズン１,Robin Hood,robin_hood_1.gif,悪政を許すな,舌を懸けた攻防戦,代官を狙う弓矢,2人の母親,伝染病から逃れろ,収税吏からの罠,兄弟の再会,入れ墨の男,忠誠心か友情か,平和への道のり,死んだはずの男,王の帰還,答えはノーだ
ロビン・フッド シーズン２,Robin Hood,robin_hood_2.gif,兄と妹,化かし合い,小さなロビン・フッド,死の天使,浮かび上がる真実,国のための,証拠をつかめ,暗殺者カーター,ラードナーの指輪,行方不明の代官,国の宝,死ぬにはいい日だ,俺たちはロビン・フッドだ
ロビン・フッド シーズン３,Robin Hood,robin_hood_3.gif,伝説の復活,大義のために,修道院長の秘密,父の過ち,兄との再会,愛と忠誠,敵か味方か,王冠は誰の手に,危険な訪問者,隠された過去,敵の敵,最後の戦い～前編,最後の戦い～後編
ゴシップ・ガール シーズン１,Gossip Girl,gossip_girl_1.gif,Sが帰ってきた！,ワイルド・ブラン,アイビー・ウィーク,バッド・ニュース,デアデビル,仮面舞踏会,ビクター／ビクトローラ,バースデー・ガール,感謝祭,上流社会,ロマンの休日,スクール・ライズ,バッドフェロー,ブレア・ビッチ・プロジェクト,セリーナを探して,オール・アバウト・マイ・ブラザー,デスパレートな女たち,恋のから騒ぎ
スーパーナチュラル シーズン１,SUPER NATURAL,super_natural_1.gif,悪夢のはじまり,闇と戦う旅出,水辺の恐怖,悪魔からの伝言,鏡の中の真実,もう一人の自分,偽りの十字架,蟲,帰宅,137号室,出会い,死神との取引,ルート666,悪夢ふたたび,血塗られた家,闇との対決,死を招く屋敷,魔女,呪われた肖像画,父との再会,駆け引き,悪魔の罠
スーパーナチュラル シーズン２,SUPER NATURAL,super_natural_2.gif,別れ,新たなる旅立ち,吸血鬼,蘇った恋人,悪魔のささやき,壁の中の殺人鬼,容疑者,地獄の猟犬,感染,悪魔の計画,禁じられた遊び,再戦,復讐の天使,覚醒,呪われたキャンパス,死へのドライブ,狼男,ハリウッドの亡霊,脱獄,もう1つの世界,選ばれし者たち（前編）,選ばれし者たち（後編）
スーパーナチュラル シーズン３,SUPER NATURAL,super_natural_3.gif,七つの大罪,恐るべき子供たち,ウサギの足,穢れた街,グリム童話殺人事件,幽霊船,吸血鬼ふたたび,呪いのクリスマス,黒魔術,悪夢,火曜日のデ・ジャヴ,新たなる先導者,恐怖の館,地獄からの電話,永遠の命,決戦の時
スーパーナチュラル シーズン４,SUPER NATURAL,super_natural_4.gif,天使の復活,66の封印,すべての始まり,怪物の血,モンスタームービー,幽霊病,ハロウィンの惨劇,願いの井戸,命の恩人,天国と地獄,家族の絆,伝説のマジシャン,アフター･スクール･スペシャル,セイレーンの呪い,奇跡の町,第一の封印,ハンター･ライフ,神の預言者,もうひとつの家族,憑依された男,境界線を越える時,堕天使の復活
ターミネーター サラ・コナー クロニクルズ シーズン１,TERMINATOR  THE SARAH CONNOR  CHRONICLES,sarah_connor_chronicles_1.gif,序章,汝自身を知れ,ターク,ヘヴィメタル,チェス大会,ダンジョン&ドラゴン,神の手,チップの記憶,誕生日
ターミネーター サラ・コナー クロニクルズ シーズン２,TERMINATOR  THE SARAH CONNOR  CHRONICLES,sarah_connor_chronicles_2.gif,ジョン抹殺,原子力発電所,マウストラップ,アリソン,永久に別れを,時は得難く失い易し,ナブルスの兄弟,銃撃戦,フィッシャー,3つの点,ピコ・タワー,フィールズ一家,エイブラハムのブログ,大いなる存在,出現,ドリームキャッチャー,それぞれの思い,疑惑,運命の時,燈台,救出,終わりなき旅
バトルスター・ギャラクティカ 序章「ジェノサイド」,Battlestar Galactica,battlestar_galactica_0.gif,序章1,序章2,序章3,序章4
バトルスター・ギャラクティカ シーズン１,Battlestar Galactica,battlestar_galactica_1.gif,33分の恐怖,ウォーター,囚人ザレック,悔恨の祈り,帰還不能,魔女狩り,裏切りの告発,神が導くもの,バルターの憂鬱,聖なる予言,暗殺者の影,コボル上陸作戦（前編）,コボル上陸作戦（後編）
バトルスター・ギャラクティカ シーズン２,Battlestar Galactica,battlestar_galactica_2.gif,船団崩壊,暗闇の谷,戒厳令,レジスタンス,ファーム,地球への道（前編）,地球への道（後編）,真実の報道,ブラックバード,ペガサス,再生船（前編）,再生船（後編）,啓示 ,欲望の構図,傷跡,悲劇の銃弾,ペガサスを継ぐ者,ダウンロード,審判の日（前編）,審判の日（後編）
バトルスター・ギャラクティカ シーズン３,Battlestar Galactica,battlestar_galactica_3.gif,ニュー・カプリカ,反乱分子,大脱出（前編）,大脱出（後編）,罪と罰,感染,魂の救済,英雄の証,心の闘い,死の航路,ジュピターの目,５つの光,選ばれし者,父として 兵士として,ある１日,サボタージュ,真実の扉,惜別,運命の十字路（前編）,運命の十字路（後編）
バトルスター・ギャラクティカ RAZOR,Battlestar Galactica RAZOR,battlestar_galactica_razor.gif,バトルスター・ギャラクティカ RAZOR（前編）,バトルスター・ギャラクティカ RAZOR（後編）
ビッグバン★セオリー ギークなボクらの恋愛法則 シーズン１,The Big Bang Theory,big_bang_theory_1.gif,オタク青年４人とセクシー美女の法則,潔癖症と散らかった部屋の法則,オタク青年と片思いの法則,オタク青年と母親の法則,オタク青年とお似合いのカップルの法則,オタク青年とハロウィーン・パーティーの法則,４－１＝０の法則,オタク青年とアルコールの法則,オタク青年とプレゼンの法則,ウソから出たウソの法則,病人から逃げるための法則,天才ＶＳ天才少年の法則,ＡＡＡ ＶＳ ＰＭＳの法則,オタク卒業の法則,美人すぎる妹の法則,誕生日パーティを秘密にする法則,シュレーディンガーの猫の法則
秘密情報部 トーチウッド シーズン１,TORCHWOOD,torchwood_1.gif,すべては変わる,新メンバー,亡霊たちの街,戦いの傷跡,妖精の森,恐ろしき村,ピロクテテスからの贈り物,スージーの思惑,エイリアンの目玉,過去からの訪問者,闘志,キャプテン・ジャック・ハークネス,世界の終わり
バーン・ノーティス 元スパイの逆襲 シーズン１,BURN NOTICE,burn_notice_1.gif,悲劇の始まり：前編,悲劇の始まり：後編,アイデンティティー,二者択一,スパイの旧友,家族の絆,スパイの恩義,スパイの掟,お尋ね者,スパイの交渉術,偽りの依頼,機密情報,解雇通告の真相
バーン・ノーティス 元スパイの逆襲 シーズン２,BURN NOTICE,burn_notice_1.gif,不法侵入,疑惑の任務,信頼関係,スパイの戦友,任務の分散,反目の結末,荒波への潜入,ダブル・ブッキング,従順な兵士,善意の任務,犯罪多発地域,追求と破壊,不運の連続,真実と和解,不作為の罪,究極の選択
NIP/TUCK マイアミ整形外科医 シーズン１,ニップタック,nip_tuck_1.gif,クリスチャン／ショーン,マンディ／ランディ,ナネット・バブコック,ソフィア・ロペス,カート・デンプシー,メガン・オハラ,クリフ・マンテーニャ,キャラ・フィッツジェラルド,ソフィア・ロペス パート２,アデル・コフィン,モンタナ／サッシー／ジャスティス,アントニア・ラモス,エスコバル・ガリャルド
NIP/TUCK マイアミ整形外科医 シーズン２,ニップタック,nip_tuck_2.gif,エリカ・ノートン,クリスチャン・トロイ,マニヤ・マビカ,ミセス・グラブマン,ジョエル・ギデオン,ボビー・ブロデリック,ナオミ・ゲインズ,アガサ・リップ,ローズ＆レイブン・ローゼンバーグ,キンバー・ヘンリー,ナターシャ・チャールズ,ジュリア・マクナマラ,ウーナ・ウケントワース,トルーディ・ナイ,ショーン・マクナマラ,ジョーン・リバース
NIP/TUCK マイアミ整形外科医 シーズン３,ニップタック,nip_tuck_3.gif,ママ・ブーン,キキ,デレク、アレックス、ゲイリー,レア・レイノルズ,グランビル・トラップ,フランケンローラ,ベン・ホワイト,トミー・ボルトン,ハンナ・テデスコ,マディソン・バーグ,アビー・メイズ,サル・ペリー,ジョイ・クリングル,チェリー・ペック,クエンティン・コスタ
NIP/TUCK マイアミ整形外科医 シーズン４,ニップタック,nip_tuck_4.gif,シンディー・プラム,ブルー・マンデイ,モニカ・ワイルダー,シャリー・ノーブル,ドーン・バッジ,ドクター・フェイス・ウォルパー,バート・ランドウ,コナー・マクナマラ,リズ・クルーズ,メリル・ボボリット,コナー・マクナマラ,ダイアナ・ルベイ,リーファー,ウィリー・ウォード,ギャラ・ガリャルド
５デイズ,Five Days to Midnight 5days,5days_1.gif,１日目,２日目,３日目,４日目,５日目
ヴェロニカ・マーズ シーズン１,Veronica Mars,veronica_mars_1.gif,高校生探偵ヴェロニカ,クレジットカード詐欺事件,ジョン・スミスを捜して,詐欺師をやっつけろ！,追跡！消えた車,ハイスクール選挙騒動,サラの日記,ピュアテストで大混乱,彼の居場所,キースの復活,消えた５０００ドル,トリトンズを追え,誘拐事件と苦い過去,マーズ VS. マーズ,運命の男,マスコット救出大作戦,奨学金獲得レース,学園爆破予告,犬泥棒を退治せよ！,最後の切り札,明かされた真相,秘密の隠し場所
ヴェロニカ・マーズ シーズン２,Veronica Mars,veronica_mars_1.gif,“普通”の始まり？,ドライバーの秘密,不義と詐欺,恋人の素顔,招かざる過去,最期の望み,反省ノート,海賊放送,ママの足跡,陪審員ヴェロニカ,別れの時,ひき逃げ事件を暴け,ウインター・カーニバル,ピザ・ボーイ強盗事件,花嫁の行方,キャンパス見学ツアー,バイカーの裁き,死者のメッセージ,継母にご用心,ストーカーは誰だ！,アーロン・エコールス裁判,卒業式の夜
キッドナップ,Kidnapped,kidnapped_1.gif,いつもと違う朝,思わぬ届け物,偽り,弾丸は語る,迷路,父と娘,トップページ,尾行,絶体絶命,標的,裏切り,犠牲,終焉
グレイズ・アナトミー シーズン１,Grey's Anatomy 恋の解剖学,greys_anatomy_1.gif,甘い夜はオペの始まり,越えられないライン,私はあなたの“ゲーム”,親しさのルール,大人のメリット、デメリット,禁断のデート,オフィスラブの定義,現実のおとぎ話,彼の秘密
グレイズ・アナトミー シーズン２,Grey's Anatomy 恋の解剖学,greys_anatomy_2.gif,男と女の嘘とタテマエ,私は底なしのグラス,選ぶのは妻のキス？ 彼女のキス？,うしろめたい貴方,“痛み”の処方箋,アンフェア,噂のインターン,運命の人,感謝祭の夜に…,失意のセックス,孤独の癒し方,クリスマスのユウウツ,新たなスタート,嘘は心のバリケード,看護師たちの反乱,死の予感,死の予感 Part2,大人になれない大人たち,戻れない関係,心と体の応急処置,迷信,親子の絆,失う覚悟,致命的ダメージ,怒りという名の罪,闘うか、逃げるか,愛を選ぶとき
グレイズ・アナトミー シーズン３,Grey's Anatomy 恋の解剖学,greys_anatomy_3.gif,動き出す時間,衝動は嵐のように,夢と現実,自分が自分であるために,罪悪感という魔物,身を捧げる覚悟,再出発,心の痣,告発の行方,寄り添える相手,父との六日間 Part1,父との六日間 Part2,大いなる期待,ささやかな願い,消えゆく私,生と死,別れの時,傷は人生のロードマップ,計画外のできごと,過去との再会,かけちがう望み,夢を求めて Part1,夢を求めて Part2,崩れ行く歯車,誓いの言葉
グレイズ・アナトミー シーズン４,Grey's Anatomy 恋の解剖学,greys_anatomy_4.gif,変わりゆく未来,泥沼な私たち,真実の棘,愛することと許すこと,つきまとう影,闘う女たち,恋の決め手はカラダの相性,フォーエヴァー・ヤング,命の現場 PartⅠ,命の現場 PartⅡ,信じる心,私の中のケダモノ,さらけ出したハート,本当の自分を見つめて,心を失う瞬間,自由に向かって Part1,自由に向かって Part2
グレイズ・アナトミー シーズン５,Grey's Anatomy 恋の解剖学,greys_anatomy_5.gif,夢の名残 Part1,夢の名残 Part2,ココロとカラダの限界点,素晴らしき新世界,孤独なチームプレー,ライフ＆ウォー,消えない面影,懐かしき鼓動,眠れない夜の過ち,自分の存在,やまない祈り,悪魔のささやき,別れの使者,胸騒ぎの予感,未来へつなぐ過去,堕ちた神,暗い影,そばにいるから,君の強さ,素直になれなくて,伝えられない想い,人生最大の日,未来のために,永遠の別れ
コールドケース シーズン１,Cold Case 迷宮事件簿,cold_case_1.gif,テニスラケット,通話記録,猫,靴下,ランナー,ハレー彗星,ドラッグクイーン,蝶々,サイン,ヒッチハイカー,オフィーリア,接着剤,手紙,箱,ダンス・パートナー,ボランティア,脅迫電話,カクテル,小切手,取引,列車,プラン,湖畔
コールドケース シーズン２,Cold Case 迷宮事件簿,cold_case_2.gif,バッドランズ,軍需工場,ダニエラ,ボス,ブレスレット,デビルズプール,写真,リスト,ハンター,フリーペーパー,ゼロ・アワー,リング,マシンガン,ヴァレンタイン,ミスター・ウィルソン,お星さま,保険金,闘犬,チェス,ナイフ,制服,トラック,森
コールドケース シーズン３,Cold Case 迷宮事件簿,cold_case_3.gif,娘,小屋,ハロウィン,バット,人形,キックボード,殺人予告,英雄,ペンダント,鍵,８年,遺書,月,警報,教会,１７歳,スーパースター,スポットライト,花,死刑囚,入れ墨,ポーカー,ジョセフ
コールドケース シーズン４,Cold Case 迷宮事件簿,cold_case_4.gif,ビデオカメラ,義手,ライター,オルゴール,熱帯魚,レコード,日食,ホタル,デート・サービス,相棒,カントリー・シンガー,ファイトクラブ,停電,８時３分,爆弾,ベビーベッド,ダンサー,宝くじ,自転車,チアリーダー,蓄音機,コンテナ,ルイーズ,ロミオ
コールドケース シーズン５,Cold Case 迷宮事件簿,cold_case_5.gif,プール,指輪,儀式,ロックンロール,詐欺師,鳩,火星人襲来,ゲーム,ドレス,掲示板,封筒,ジョン・ヘンリー,悪魔,ピアノ,地下室,チャンス,ロープ,幻
サマンサ Ｗｈｏ？ シーズン１,Samantha Who?,samantha_who_1.gif,お仕事,ウエディング,ヴァージン,接近禁止命令,催眠療法,ホッケーデート,車,恋,彼女,ボス,チョウチョ,個展,浮気,誕生日
サマンサ Ｗｈｏ？ シーズン２,Samantha Who?,samantha_who_2.gif,ダンス・コンテスト,アフリカ,新薬,不動産,人助け,元恋人,養鶏場,公園,家族旅行,親友の彼氏,ベイビー,友達,借金
サマンサ Ｗｈｏ？ 特別編,Samantha Who?,samantha_who_special.gif,ロックスター,トッドのお仕事,姉妹,慈善活動,初デート,日陰の女,ハッピー・エンディング？
プッシング・デイジー ～恋するパイメーカー～ シーズン１,Pushing Daisies,pushing_daisies_1.gif,パイメーカーの秘密,タンポポ・カーの悲劇,盗まれた家宝たち,羽ばたけピッジ,ハロウィンの亡霊,ある愛のカタチ,香りは語る？,ビター・スイート戦い,雪だるま殺人事件
プッシング・デイジー ～恋するパイメーカー～ シーズン２,Pushing Daisies,pushing_daisies_2.gif,ブンブンな初仕事,サーカス・サーカス,シスターの隠された秘密,哀しき友情ビジネス,好吃（ハオチー）ギャンブル,イッツ・マジック！,ロビン・フッド現る？,勃発！料理バトル,嵐吹くパペン灯台,ライバルはノルウェー人,殺しのショー・ウィンドー,消えたダム・ルビー,泳ぎだせマーメイド
ヤング・スーパーマン シーズン１,SMALLVILLE スモールビル,smallville_1.gif,クラークの秘密,虫になった男,怒りの炎,透視能力,温もりを奪う男,不吉な予言,恐怖のダイエット,レベル3の闇,脅しの切り札,姿なき侵入者,偽りの握手,パワー喪失,魔のタトゥー,レックスの過去,死を呼ぶ花,小さなヒーロー,死神になった男,ライバルは女王ばち,報復のスケッチ,衝撃のビジョン,嵐の予感
ヤング・スーパーマン シーズン２,SMALLVILLE スモールビル,smallville_2.gif,嵐のあとで,熱い視線,打ち明けられた秘密,赤い宝石,闇からの訪問者,家族の過去,もつれた絆,捕らわれたヒーロー,エリートの影,ナマンの伝説,淋しい帰郷,摩天楼の人質,容疑者はジョナサン,死への跳躍,兄と弟,地下室の悪魔,彼方からの伝言,二人の異邦人,怒りの代価,かみ合わない歯車,よみがえった少女,天空からの呼び声,運命の日
ヤング・スーパーマン シーズン３,SMALLVILLE スモールビル,smallville_3.gif,大都会の闇で,つかの間の和解,憎しみの銃弾,地底へ招く者,止められない力,その手に過去を,操られた ラナ,砕け散った心,親友の記憶,灰色のささやき,殺意のメール,恐るべき接触,暴走の行方,ゆがんだ愛,帰ってきた男,未来からの叫び,博士との対決,解き放たれた真実,封じられた悲しみ,聖なる剣,決意の時,別れの誓約
ヤング・スーパーマン シーズン４,SMALLVILLE スモールビル,smallville_4.gif,宇宙からの呼び声,回り出す運命の歯車,毒のキス,危ない媚薬,世界一速い男,入れ替わった魂,言霊を操る男,よみがえった魔女,消えたピアス,心の底の悪夢,孤独なふたり,哀しい偏見,スターへの誘惑,新たな親友,博士の遺言,裏切られても,光と影,ティアラの罠,消えた時間,はかない命,閉ざされた世界,隕石群 再来
ヤング・スーパーマン シーズン５,SMALLVILLE スモールビル,smallville_5.gif,クリプトンからの客,レベル3の超人,大きな代償,新たな盟友,恐怖のソロリティ,秘密クラブの罠,銀の石,ゾッドからの密命,もうひとつの人生,行きすぎた崇拝,打ち明けられずに,永遠の別離,復讐の天使,壁の中の怨念,サイボーグ,青い宝石の誘惑,亡き人のもとへ,ガラスの心,非情なゲーム,必殺請負人,父からの警告,仇敵の復活
ヤング・スーパーマン シーズン６,SMALLVILLE スモールビル,smallville_6.gif,ゾッド,新しい能力,体内に巣食うタネの恐怖,グリーン・アロー,苦い再会,運命の受容,不死身の薬,極秘プロジェクト,地中の悪魔,水人間,正義の同盟,迷宮,すれ違う想い,つきまとう視線,陰からの触手,苦渋の選択,殺人ファイト・クラブ,母の愛,エリーズ計画,大いなる秘密
スターゲイト ＳＧ－１ シーズン１,Stargate スターゲート エスジーワン,stargate_sg1_1.gif,神の子（前編）,神の子（後編）,エイリアン,自由の女神,悪魔の痕跡,光の壁,時の呪縛,エネルギークローン,雷神トールのハンマー,一人ぼっちの星,ジャファの儀式,失われた記憶,四次元の妖精,ゴッド・マザー,恩讐の彼方に,地球に来た罠,トラン人の謎,ブリキ男,凍りつく孤独,異次元の地球,閉鎖命令,突入！宇宙母艦
スターゲイト ＳＧ－１ シーズン２,Stargate スターゲート エスジーワン,stargate_sg1_2.gif,宇宙戦争,殺し屋ゴアウルド,地底の牢獄,ゲームキーパー,石棺の魔力,トールの宇宙戦車,球体のメッセージ,家族,シークレット,破滅への道,反逆者たち,勇気ある共棲共存,精霊,タッチストーン,ブラックホール,宇宙人・第５の種族へ,邪神の末路,奪われた肉体,異星人のハーモニー,未知との挑戦,タイムスリップ,記憶の迷路
スターゲイト ＳＧ－１ シーズン３,Stargate スターゲート エスジーワン,stargate_sg1_3.gif,炎の中のバリア,カルト集団,宇宙人不可侵交渉,マ・チェロの遺産,捻れたＩＱ,パラレル・ミラーの世界,宇宙の賞金稼ぎ,悪魔の生け贄,命を賭けた戦斗ゲーム,愛は永遠に,記憶喪失,ジョリナーの回想,甦る魔神,侵略されたＳＧ基地,異星間裁判,生命体アーゴ,火の雨,ハイテク大泥棒,オプトリカンの伝説,禁断の惑星,水晶のドクロ,機械虫の反乱
スターゲイト ＳＧ－１ シーズン４,Stargate スターゲート エスジーワン,stargate_sg1_4.gif,レプリケイター地球侵入,地下帝国への救援,人体改造アームバンド,宿主を巡る分岐点,洗脳兵器ゼイターク,未完成のタイムマシン,水の惑星,ゴアウルド惑星,生態系改造計画,巨大ドーム都市の真下で,僕はエイリアン,改造デスグライダー,呪いの壷,陰険な神の脅威,陰謀の連鎖反応,人類滅亡の罠,聖なる洗脳,禁断の光の宮殿,天才問題児,質量０の生命体,コピー・ロボット,超新星大爆発！
スターゲイト ＳＧ－１ シーズン５,Stargate スターゲート エスジーワン,stargate_sg1_5.gif,理由なき反抗,マインドコントロール,異星の恋人,謎の記憶操作,翳りの太陽,思春期のウイルス,奴隷商人,神殿に潜む人食怪獣,イオン砲の陰謀,未来からの警告,ゴアウルド移植 危機一髪！,過激なワームホール,ＳＧ基地 ＳＯＳ,４８時間！タイムリミット,宇宙サミット,脱出作戦の囮,小惑星激突の危機,卑劣な罠,レプリケーター誕生の秘密,死刑囚 最後の賭け,友よ 永遠に,絶滅の危機を救え！
スターゲイト ＳＧ－１ シーズン６,Stargate スターゲート エスジーワン,stargate_sg1_6.gif,地球滅亡の危機,地球壊滅防御作戦,宇宙母艦の怪,凍結人間,ゴアウルド幼生クローン,暗黒の奈落,ナクアドリア爆弾,捕虜になったＳＧ－１,見えない暗殺者,トレトニンの恐怖,宇宙船プロメテウス,レプリケーター人間,幻覚？奇妙な虫,狙撃、暗殺！,未知の惑星！失楽園,異形の超能力者,宇宙情報公開会議,墜落した宇宙母艦,夢の交差点,歴史を消された惑星,予知能力,謎の石板
スターゲイト ＳＧ－１ シーズン７,Stargate スターゲート エスジーワン,stargate_sg1_7.gif,裸の人,狙われた故郷,不安定なＤＮＡ,戦士の魂,ドームの町,難破船ストロモス,聖なる鉱山,白熱！宇宙レース,僕のアヴェンジャー,生きる権利,命の泉,究極戦士,グレース,堕ちゆく星,夢とロマンス,弔鐘,英雄たち 前編,英雄たち 後編,悪魔の実験,副大統領就任,失われた都市 前編,失われた都市 後編
スターゲイト ＳＧ－１ シーズン８,Stargate スターゲート エスジーワン,stargate_sg1_8.gif,新しい秩序 前編,新しい秩序 後編,監禁基地,司令官の多忙な５日間,アヴィダンの輪,ニューゲーム,危険な隣人,良心の天秤,愛とプライド,放たれたＶＸ兵器,レプリ・カーター,プロメテウスの受難,王様万歳！,一触即発！米露開戦？,理髪師ジョーの奇妙な夢,銀河大戦争 前編,銀河大戦争 後編,ほつれた糸,時をかけるＳＧ－１ 前編,時をかけるＳＧ－１ 後編
スターゲイト ＳＧ－１ シーズン９,Stargate スターゲート エスジーワン,stargate_sg1_9.gif,アヴァロン 前編,アヴァロン 後編,起源の書,切れない絆,奇跡の力,スーパーゲイト,今そこにある危機,ソダンの戦士,試作品,罪深き感染 前編,罪深き感染 後編,抉られた一夜,ＳＧ－１がいっぱい,戦友,さらば、プロメテウス,怪盗ＳＧ－１,虫、虫、虫,アーサー王のマント,聖母,神に抗う者
スターゲイト ＳＧ－１ シーズン１０,Stargate スターゲート エスジーワン,stargate_sg1_10.gif,血と肉,死への眠り,ペガサス合同作戦,内通者,招かれざる客,祝！２００回記念,反撃,消せない記憶,荒くれ者たち,ザ・クエスト 前編,ザ・クエスト 後編,砂に引かれた線,戻り道,死の帳,同窓会,理由ありヒーロー,ダル・エシュカロンの惨劇,父と娘,果て無き野心,終わりなき終わり
スターゲイト アトランティス シーズン１,Stargate Atlantis スターゲート,stargate_atlantis_1.gif,発見！アトランティス 前編,発見！アトランティス 後編,かくれんぼ,残り３８分,スパイ疑惑,未成年の村,願いの血清,豆と爆弾,懐かしの我が家,大嵐 前編,大嵐 後編,一万年のサバイバル,ホットゾーン,楽園の恋,眠りにつく前に,宝さがし,ペガサスからの手紙,悪夢,迫り来る危機 前編,迫り来る危機 後編
スターゲイト アトランティス シーズン２,Stargate Atlantis スターゲート,stargate_atlantis_2.gif,迫り来る危機 完結編,侵入者,ランナー,窮屈な二重奏,流刑の島,究極のパワー,悲しき本能,爪痕,眠れるオーロラ,迷走の果て,女王の巣,サンクチュアリ,トラストの罠,深海の女神,塔と貴族,ロング・グッドバイ,クーデター計画,マイケル,不機嫌なマグマ,敵の敵は味方
スターゲイト アトランティス シーズン３,Stargate Atlantis スターゲート,stargate_atlantis_3.gif,出口のない戦い,レイス人間,愛される男,セティーダ,子孫たち,眠りの行き先,共同戦線,兄妹,幻の森,帰還 前編,帰還 後編,深海からのＳＯＳ,愛される男、その後,超人マッケイ,国造りゲーム,時の方舟,何げない日曜日,海底基地,復讐,無謀な先制攻撃
スターゲイト アトランティス シーズン４,Stargate Atlantis スターゲート,stargate_atlantis_4.gif,漂流都市,ＺＰＭ強奪作戦,我が友,恐怖を食べる悪魔,旅人,消えゆく記憶の中で,誰もいない村,予言者,命の交差点,２つの運命,活路,マザー,閉ざされた部屋,ハーモニー,帰郷,トリオ,名コーチ,呪われた力 前編,呪われた力 後編,最後の男
ＬＯＳＴ シーズン１,ロスト,lost_1.gif,墜落,ＳＯＳ,眠れぬ夜,運命,責任,閉ざされた心,暗闇の中で,手紙,孤独の人,予言,見えない足跡,ケースの中の過去,絆,運命の子,守るべきもの,最期の言葉,沈黙の陰,数字,啓示,約束,悲しみの記憶,タイムカプセル,迫りくる脅威,暗黒地帯,漆黒の闇
ＬＯＳＴ シーズン２,ロスト,lost_2.gif,闇の底,漂流,信じる者,憂鬱な仕事,探しもの,さまよう者,知られざる４８日,復讐,彼女の事情,詩篇２３章,境界線,天使の言葉,詐欺の手口,捕らえられた男,記憶の扉,秘密,封鎖,再会,救済の地,一丁の銃,死者の伝言,隠された取引,旅路の果て,破滅の刻
ＬＯＳＴ シーズン３,ロスト,lost_3.gif,囚われた者たち,ガラスのバレリーナ,次なる導き,自らのために生きよ,懺悔,誓い,偽りの場所,軌道,裁きの時,希望,コード７７,海を渡って,魔法の箱,エクスポゼ,二人の女,新たな仲間,ジグソーパズル,受胎の日,報い,誕生,グレイテストヒッツ,決行,終わりの始まり
ＬＯＳＴ シーズン４,ロスト,lost_4.gif,選択,訪問者たち,雇われた男,証言,定数,許されぬ関係,ジヨン,贖罪,ルール,父の影,奇跡の子,オーシャニック６,基地オーキッド,帰還
ＬＯＳＴ シーズン５,ロスト,lost_5.gif,責めを負う者,嘘,ジャグヘッド,リトル・プリンス,死の島,３１６,ジェレミー・ベンサムの生と死,ラフルア,ナマステ,理由,未だ見ぬ過去,島の裁き,父という存在,変数,リーダー,ジェイコブ,運命の午後
クリミナル・マインド シーズン１,Criminal Minds ＦＢＩ行動分析課,criminal_minds_1.gif,シアトルの絞殺魔,キャンパス連続放火犯,パームビ−チの爆弾魔,白昼のレイプ・キラー,双子令嬢の誘拐,スナイパー,一家惨殺事件,ナチュラル・ボーン・キラー,テキサス列車ジャック,悪魔のカルト集団,テネシーの吸血鬼,連れ去られた少女,毒物混入,死刑へのカウントダウン,蘇ったシリアルキラー,虐殺の儀式,マンハッタンの処刑人,恋に落ちた捜査官,メキシコの猟奇犯,スプリー・キラー,ＦＢＩ ｖｓ. ＣＩＡ,地獄からの挑戦状 -前編 -
クリミナル・マインド シーズン２,Criminal Minds ＦＢＩ行動分析課,criminal_minds_2.gif,地獄からの挑戦状 - 後編-,闇のネットオークション,パーフェクト・ストーム,サイコドラマ,消えない傷跡,森の中の殺人鬼,消えた女子高生,エンプティ・プラネット,２人のシリアル・キラー,テロリストへの尋問,殺人衝動,疑惑のプロファイラー,史上最強の敵,血塗られた黙示録,多重人格,見えない恐怖,救難信号,ニューオーリンズの切り裂きジャック,悲しみの業火,ロシアン・マフィア,殺人ハンター,出口のない迷路,史上最強の敵 －再び－
クリミナル・マインド シーズン３,Criminal Minds ＦＢＩ行動分析課,criminal_minds_3.gif,ギデオンの決意,ＢＡＵの危機,おびえて眠れ,暗闇の子供たち,空白の７秒,伝説のプロファイラー,地上の王国,悪魔の囁き,ペネロープ,ダーク・ヒーロー,父の記憶,父の過去、娘の秘密,野心の果て,２０年目の決着,死の天使,トラウマ,灼熱の街,忍び寄るストーカー,記憶を失くした殺人犯,ニューヨークに潜む罠
Without a Trace シーズン1,FBI 失踪者を追え! FBI 失踪者を追え！,without_a_trace_1.gif,自由の代償,少年の秘密,目撃証言,あこがれの街,ゆがんだ愛,二重生活,暴走する母性,ツメをかむ少年,アメリカのアラブ人,白夜の太陽,思い出ビデオ,暴力からの脱出,親の執念,ストッキングの謎,さらわれた花嫁,月影のクレア,栄光の勲章,正義のヒロイン,落ちた罠,偉大なボクサー,魂は売らない,911の爪跡（前編）,911の爪跡（後編）
Without a Trace シーズン2,FBI 失踪者を追え! FBI 失踪者を追え！,without_a_trace_2.gif,消えたスクールバス,聖職への道,フィアンセの素顔,親子の絆（きずな）,捜査官の人生,迷える子どもたち,夢の国アメリカ,炎の中の友情,14歳の手紙,愛のかたち,カメラマンの夢,心の中の世界,人生のルールと嘘,ジェシーの真実,少年エリック12歳,22歳の笑顔,兵士とフィアンセ,父と母と子,双子の兄弟,人生の最後に,ふたつの家族,コーチの辞表,自分をさがして,クルーザーの秘密
Without a Trace シーズン3,FBI 失踪者を追え! FBI 失踪者を追え！,without_a_trace_3.gif,手さぐりの脱出,生命（いのち）の重さ,光の記憶,空白の事実,リネットの場合,母と子の明日（あした） 前編,母と子の明日（あした） 後編,双子の兄弟 2,陪審員の過去,ジャックの長い一日,16歳の誤算,模範囚の手紙,僕の好きな場所,家族の日々,10万ドルの価値,マイクとブライアン,孤独な闘い,主よ 導きたまえ,占い師アグネス,小さな町の悪夢,兄と弟の人生,ジャックの孤独な朝,暗殺者の素顔
Without a Trace シーズン4,FBI 失踪者を追え! FBI 失踪者を追え！,without_a_trace_4.gif,正義が果たされる時,安全を守る者,焼かれた手帳,失われた時間,名誉と束縛,死者の祭り,写真の少女,ホプキンズ家の息子,友の失踪,幕が下りる時,父の遺言,患者X,怒り,丁か半か,平凡な主婦の見たもの,小さな手,レイチェルの人生指南,15歳の闘い,新たな命,見つけた居場所,割れた氷,不運の代償,命の格差,人生の転機
